LastB,LastF,Current
Color2
"[0.3104307792645418, 0.1763220490707475, 0.4065781003540595]","[0.3, 0.2, 0.4]","[0.3078230844484064, 0.1822415368030606, 0.40493357526554463]"
Color3
"[0.2104307792645418, 0.3763220490707475, 0.10657810035405954]","[0.2, 0.4, 0.1]","[0.20782308444840636, 0.3822415368030606, 0.10493357526554464]"
Color1
"[0.41043077926454175, 0.27632204907074753, 0.7065781003540597]","[0.4, 0.3, 0.7]","[0.4078230844484063, 0.28224153680306063, 0.7049335752655448]"
Color3
"[0.21854360758140762, 0.35790586501466226, 0.11169440062943922]","[0.21854360758140762, 0.35790586501466226, 0.11169440062943922]","[0.21738463210756964, 0.36053674845124584, 0.11096350059009927]"
Color2
"[0.31390770568605575, 0.1684293987609967, 0.40877080047207937]","[0.31390770568605575, 0.1684293987609967, 0.40877080047207937]","[0.31303847408067725, 0.1704025613384344, 0.40822262544257437]"
Color1
"[0.4139077056860557, 0.2684293987609967, 0.7087708004720794]","[0.4139077056860557, 0.2684293987609967, 0.7087708004720794]","[0.4130384740806772, 0.27040256133843443, 0.7082226254425745]"
Color3
"[0.2586069572943254, 0.26696174621917934, 0.1369600810016845]","[0.2586069572943254, 0.26696174621917934, 0.1369600810016845]","[0.25494402246343006, 0.27527663708048067, 0.1346500759390792]"
Color3
"[0.23296641347805802, 0.3251659822482884, 0.12079004556344752]","[0.23296641347805802, 0.3251659822482884, 0.12079004556344752]","[0.2309060126356794, 0.3298431083577704, 0.11949066771573205]"
