LastB,LastF,Current
Color2
"[0.3104307792645418, 0.1763220490707475, 0.4065781003540595]","[0.3, 0.2, 0.4]","[0.3078230844484064, 0.1822415368030606, 0.40493357526554463]"
Color3
"[0.2104307792645418, 0.3763220490707475, 0.10657810035405954]","[0.2, 0.4, 0.1]","[0.20782308444840636, 0.3822415368030606, 0.10493357526554464]"
Color1
"[0.41043077926454175, 0.27632204907074753, 0.7065781003540597]","[0.4, 0.3, 0.7]","[0.4078230844484063, 0.28224153680306063, 0.7049335752655448]"
