LastB,LastF,Current
Function 10
Function 10
Function 10
Function 10
Function 10
Function 10
Function 10
Function 10
Color2
"[0.31086336249225266, 0.15292891112707463, 0.34033276025048675]","[0.31086336249225266, 0.15292891112707463, 0.34033276025048675]","[0.31086336249225266, 0.15292891112707463, 0.34033276025048675]"
Function 10
Function 10
Function 10
Function 10
Function 10
Function 10
Function 10
Function 10
Function 10
Function 10
