LastB,LastF,Current
Color2
"[0.3104307792645418, 0.1763220490707475, 0.4065781003540595]","[0.3, 0.2, 0.4]","[0.3078230844484064, 0.1822415368030606, 0.40493357526554463]"
Color3
"[0.2104307792645418, 0.3763220490707475, 0.10657810035405954]","[0.2, 0.4, 0.1]","[0.20782308444840636, 0.3822415368030606, 0.10493357526554464]"
Color1
"[0.41043077926454175, 0.27632204907074753, 0.7065781003540597]","[0.4, 0.3, 0.7]","[0.4078230844484063, 0.28224153680306063, 0.7049335752655448]"
Color3
"[0.21854360758140762, 0.35790586501466226, 0.11169440062943922]","[0.21854360758140762, 0.35790586501466226, 0.11169440062943922]","[0.21738463210756964, 0.36053674845124584, 0.11096350059009927]"
Color2
"[0.31390770568605575, 0.1684293987609967, 0.40877080047207937]","[0.31390770568605575, 0.1684293987609967, 0.40877080047207937]","[0.31303847408067725, 0.1704025613384344, 0.40822262544257437]"
Color1
"[0.4139077056860557, 0.2684293987609967, 0.7087708004720794]","[0.4139077056860557, 0.2684293987609967, 0.7087708004720794]","[0.4130384740806772, 0.27040256133843443, 0.7082226254425745]"
Color3
"[0.2586069572943254, 0.26696174621917934, 0.1369600810016845]","[0.2586069572943254, 0.26696174621917934, 0.1369600810016845]","[0.25494402246343006, 0.27527663708048067, 0.1346500759390792]"
Color3
"[0.23296641347805802, 0.3251659822482884, 0.12079004556344752]","[0.23296641347805802, 0.3251659822482884, 0.12079004556344752]","[0.2309060126356794, 0.3298431083577704, 0.11949066771573205]"
Color1
"[0.4024752728137536, 0.29438111125409344, 0.701561014048864]","[0.4, 0.3, 0.7]","[0.40185645461031516, 0.2957858334405701, 0.701170760536648]"
Color2
"[0.20247527281375355, 0.1943811112540934, 0.5015610140488638]","[0.2, 0.2, 0.5]","[0.20185645461031515, 0.19578583344057005, 0.5011707605366478]"
Color1
"[0.42472481010854357, 0.2438744866862163, 0.7155925341725857]","[0.42472481010854357, 0.2438744866862163, 0.7155925341725857]","[0.42317950947675953, 0.24738233126832776, 0.714618000786799]"
Color2
"[0.2247248101085435, 0.1438744866862163, 0.5155925341725857]","[0.2247248101085435, 0.1438744866862163, 0.5155925341725857]","[0.22317950947675952, 0.14738233126832778, 0.5146180007867991]"
Color3
"[0.2247248101085435, 0.34387448668621634, 0.11559253417258564]","[0.2247248101085435, 0.34387448668621634, 0.11559253417258564]","[0.22317950947675952, 0.34738233126832785, 0.11461800078679904]"
